model,group,checkpoint,variant,epoch,loss,final_product_bound,cap_raw_penalty,cap_weighted_penalty,cap_max_violation,orth_raw_penalty,orth_weighted_penalty,orth_max_layer_penalty
vanilla_base,reference,model_cifar10/functa_like_cifar10_spatial_paper_siren_h256_md1024_d6_lat8x16_freq10.0_nearest_lc_norm01_extlr3e-05_e512_inner3_moptsgd_adamphi3_lr1e-02_train50000_test10000/modSiren.pth,vanilla,277,0.0012658266946101737,28782.02903660229,,,,,,
softlip_tiered_e12,baseline_softlip,model_cifar10/functa_like_cifar10_spatial_paper_siren_h256_md1024_d6_lat8x16_freq10.0_nearest_lc_norm01_extlr3e-05_e12_inner3_moptsgd_adamphi3_lr1e-02_softlip_cifar_spatial_tiered_lam1e-02_sine_and_readout_train50000_test10000/modSiren.pth,soft_lipschitz,57,0.0019054602624840142,6845.633882921879,9.908890136195621e-05,9.90889013619562e-07,0.005932365357875835,,,
warm_orth_lam1e-3,warm_orthogonal,model_cifar10/cifar10_spatial_warmvanilla_orth_sine_and_readout_auto_lam1e-3/modSiren.pth,orthogonal,19,0.08660641308797866,22137.81677139233,,,,82.60776042263024,0.08260776042263024,82.26718139648438
warm_readout_cap90_lam1,warm_spectral_cap,model_cifar10/cifar10_spatial_warmvanilla_readout_cap90_lam1.0/modSiren.pth,spectral_cap,1,0.0012209915326746674,25249.29909974875,1.1529101723306567e-07,1.1529101723306567e-07,0.0003395453095436096,,,
warm_readout_cap50_lam1,warm_spectral_cap,model_cifar10/cifar10_spatial_warmvanilla_readout_cap50_lam1.0/modSiren.pth,spectral_cap,19,0.0017199471838800807,15789.578802132044,0.00010770171161667008,0.00010770171161667008,0.010377943515777588,,,
warm_readout_cap10_lam1,warm_spectral_cap,model_cifar10/cifar10_spatial_warmvanilla_readout_cap10_lam1.0/modSiren.pth,spectral_cap,19,0.00631753938291602,13283.702169113274,0.004116863720074804,0.004116863720074804,0.06416279077529907,,,
warm_prereadout_cap10_lam1,warm_spectral_cap,model_cifar10/cifar10_spatial_warmvanilla_prereadout_cap10_lam1.0/modSiren.pth,spectral_cap,19,0.0019762241780491813,6747.329953230016,0.00060488440525406,0.00060488440525406,0.024594397842884058,,,
warm_readout_counter1_lam1e-2,warm_counter_cap,model_cifar10/cifar10_spatial_warmvanilla_readout_counter1.0_lam1e-2/modSiren.pth,spectral_cap,10,0.0015908752102404833,20767.23351574393,0.018746633269338606,0.00018746633269338606,0.13691834526219854,,,
warm_prereadout_counter1_lam1e-2,warm_counter_cap,model_cifar10/cifar10_spatial_warmvanilla_prereadout_counter1.0_lam1e-2/modSiren.pth,spectral_cap,19,0.0015000930140317626,10894.568528910539,0.03410205338821123,0.0003410205338821123,0.1846674129027946,,,
