model,layer,input_rms,affine_rms,shifted_rms,output_rms,output_std,output_absmax,rms_gain_vs_input
vanilla_base,sine.0,0.5728219747543335,0.23368971049785614,0.2802131175994873,0.7002421617507935,0.6996504068374634,1.0,1.2224429100351932
vanilla_base,sine.1,0.7002421617507935,0.12441378086805344,0.18875348567962646,0.44811370968818665,0.44743743538856506,0.9999994039535522,0.6399410577731881
vanilla_base,sine.2,0.44811370968818665,0.12052030116319656,0.18500679731369019,0.4576948285102844,0.45698776841163635,0.9999949932098389,1.02138099909678
vanilla_base,sine.3,0.4576948285102844,0.1337674856185913,0.20051522552967072,0.5886023044586182,0.5877067446708679,0.9999992847442627,1.2860147587299913
vanilla_base,sine.4,0.5886023044586182,0.18298380076885223,0.22111722826957703,0.6853925585746765,0.6841688752174377,1.0,1.164440834469861
vanilla_base,sine.5,0.6853925585746765,0.19460056722164154,0.24410700798034668,0.72925865650177,0.728571355342865,1.0,1.064001421343582
vanilla_base,readout,0.72925865650177,0.0487564355134964,,0.0487564355134964,0.011751084588468075,0.06727942079305649,0.06685753412565498
softlip_tiered_e12,sine.0,0.5728219747543335,0.22721974551677704,0.2743969261646271,0.7023084759712219,0.7017491459846497,1.0,1.2260501637920251
softlip_tiered_e12,sine.1,0.7023084759712219,0.12336679548025131,0.18902289867401123,0.4760740101337433,0.47537246346473694,0.9999992847442627,0.6778702328423145
softlip_tiered_e12,sine.2,0.4760740101337433,0.12226532399654388,0.1872907429933548,0.46681496500968933,0.4667450785636902,0.9999990463256836,0.9805512484887532
softlip_tiered_e12,sine.3,0.46681496500968933,0.12096548080444336,0.19562821090221405,0.5667607188224792,0.5662235617637634,0.9999994039535522,1.214101434838781
softlip_tiered_e12,sine.4,0.5667607188224792,0.1529303342103958,0.2008594274520874,0.703553318977356,0.7032947540283203,1.0,1.2413586468008608
softlip_tiered_e12,sine.5,0.703553318977356,0.21276521682739258,0.24794155359268188,0.8131774067878723,0.8130509853363037,1.0,1.1558148968295103
softlip_tiered_e12,readout,0.8131774067878723,0.9082426428794861,,0.9082426428794861,0.039800502359867096,0.9668189287185669,1.1169058993745664
warm_orth_lam1e-3,sine.0,0.5728219747543335,0.18473197519779205,0.23960578441619873,0.702057421207428,0.7018904089927673,0.9999997615814209,1.2256118866747732
warm_orth_lam1e-3,sine.1,0.702057421207428,0.12325961887836456,0.18800775706768036,0.45395132899284363,0.4533703923225403,0.9999997615814209,0.646601425011816
warm_orth_lam1e-3,sine.2,0.45395132899284363,0.12055281549692154,0.184816375374794,0.4854954779148102,0.482435941696167,0.9999958276748657,1.069487953679862
warm_orth_lam1e-3,sine.3,0.4854954779148102,0.14233960211277008,0.20561276376247406,0.6122622489929199,0.6108198761940002,0.9999998807907104,1.2611080367268703
warm_orth_lam1e-3,sine.4,0.6122622489929199,0.16384968161582947,0.21179959177970886,0.711663544178009,0.7116242051124573,0.9999999403953552,1.162350847775752
warm_orth_lam1e-3,sine.5,0.711663544178009,0.24593903124332428,0.2839680016040802,0.7708516120910645,0.7708143591880798,0.9999997019767761,1.0831686102193407
warm_orth_lam1e-3,readout,0.7708516120910645,0.9637832045555115,,0.9637832045555115,0.010832712054252625,0.985462486743927,1.2502836984943024
warm_readout_cap90_lam1,sine.0,0.5728219747543335,0.23367859423160553,0.2802088260650635,0.7001614570617676,0.6995701193809509,1.0,1.2223020203825914
warm_readout_cap90_lam1,sine.1,0.7001614570617676,0.12438555806875229,0.18854887783527374,0.4479598104953766,0.4470382332801819,1.0,0.6397950158171275
warm_readout_cap90_lam1,sine.2,0.4479598104953766,0.12030553072690964,0.1857643872499466,0.45542585849761963,0.45414161682128906,0.999999463558197,1.0166667808747993
warm_readout_cap90_lam1,sine.3,0.45542585849761963,0.13414569199085236,0.19768764078617096,0.5761620998382568,0.5752688050270081,0.9999980926513672,1.2651062496515406
warm_readout_cap90_lam1,sine.4,0.5761620998382568,0.1775968074798584,0.2222549170255661,0.7107528448104858,0.7104704976081848,1.0,1.2335987476614863
warm_readout_cap90_lam1,sine.5,0.7107528448104858,0.22256909310817719,0.2672542631626129,0.7371744513511658,0.7360524535179138,0.9999999403953552,1.0371741129614824
warm_readout_cap90_lam1,readout,0.7371744513511658,0.5622080564498901,,0.5622080564498901,0.28667283058166504,0.9154199361801147,0.7626526603294783
warm_readout_cap50_lam1,sine.0,0.5728219747543335,0.2336978167295456,0.2802146375179291,0.6997911334037781,0.6991980075836182,0.9999999403953552,1.2216555304183256
warm_readout_cap50_lam1,sine.1,0.6997911334037781,0.1248791515827179,0.18877622485160828,0.44752201437950134,0.44677039980888367,1.0,0.6395079803351581
warm_readout_cap50_lam1,sine.2,0.44752201437950134,0.12256383895874023,0.1871943324804306,0.46182653307914734,0.45947858691215515,0.9999960064888,1.0319638324820277
warm_readout_cap50_lam1,sine.3,0.46182653307914734,0.1330125629901886,0.19907023012638092,0.6133296489715576,0.6130049824714661,0.9999998807907104,1.3280519958051995
warm_readout_cap50_lam1,sine.4,0.6133296489715576,0.1694505214691162,0.21468856930732727,0.7314130067825317,0.7309373021125793,0.9999998211860657,1.1925283703616456
warm_readout_cap50_lam1,sine.5,0.7314130067825317,0.21773456037044525,0.25872018933296204,0.9601683616638184,0.9601114988327026,1.0,1.3127581171786593
warm_readout_cap50_lam1,readout,0.9601683616638184,0.9220931529998779,,0.9220931529998779,0.013568765483796597,0.947962760925293,0.960345278823849
warm_readout_cap10_lam1,sine.0,0.5728219747543335,0.2336955964565277,0.2802119851112366,0.6998229026794434,0.6992296576499939,1.0,1.2217109914115583
warm_readout_cap10_lam1,sine.1,0.6998229026794434,0.12499326467514038,0.18877877295017242,0.4488363265991211,0.44808077812194824,0.9999957084655762,0.6413570131538155
warm_readout_cap10_lam1,sine.2,0.4488363265991211,0.12121356278657913,0.1861591339111328,0.4671747386455536,0.4650011658668518,0.9999971985816956,1.0408576823212696
warm_readout_cap10_lam1,sine.3,0.4671747386455536,0.13343319296836853,0.1994505524635315,0.6269646286964417,0.6266106963157654,1.0,1.3420345254843091
warm_readout_cap10_lam1,sine.4,0.6269646286964417,0.16523823142051697,0.2108757495880127,0.7636155486106873,0.7634521722793579,1.0,1.2179563465938492
warm_readout_cap10_lam1,sine.5,0.7636155486106873,0.21110297739505768,0.2535843253135681,0.9432486891746521,0.9431785941123962,1.0,1.2352402866740826
warm_readout_cap10_lam1,readout,0.9432486891746521,0.8011581301689148,,0.8011581301689148,0.01822274550795555,0.8256123065948486,0.8493604490136453
warm_prereadout_cap10_lam1,sine.0,0.5728219747543335,0.2336692214012146,0.28018561005592346,0.6998679637908936,0.6992776989936829,1.0,1.2217896565351676
warm_prereadout_cap10_lam1,sine.1,0.6998679637908936,0.12492331862449646,0.18843162059783936,0.4509693682193756,0.4502491056919098,1.0,0.6443634964753383
warm_prereadout_cap10_lam1,sine.2,0.4509693682193756,0.11978212743997574,0.18498225510120392,0.48908349871635437,0.4850446879863739,0.9999997615814209,1.084516007478446
warm_prereadout_cap10_lam1,sine.3,0.48908349871635437,0.14484156668186188,0.20537234842777252,0.6217136979103088,0.619782567024231,1.0,1.2711810959520304
warm_prereadout_cap10_lam1,sine.4,0.6217136979103088,0.16371017694473267,0.21063990890979767,0.7738794684410095,0.7732622027397156,0.9999999403953552,1.2447521601054587
warm_prereadout_cap10_lam1,sine.5,0.7738794684410095,0.063883937895298,0.16564583778381348,0.7334458827972412,0.7333778142929077,0.9999997019767761,0.9477520889328899
warm_prereadout_cap10_lam1,readout,0.7334458827972412,0.9536997675895691,,0.9536997675895691,0.014250296168029308,0.9795080423355103,1.300300117511487
warm_readout_counter1_lam1e-2,sine.0,0.5728219747543335,0.23368607461452484,0.280197411775589,0.6999586820602417,0.6993648409843445,0.9999996423721313,1.2219480273263494
warm_readout_counter1_lam1e-2,sine.1,0.6999586820602417,0.12432655692100525,0.18842363357543945,0.44745445251464844,0.446683406829834,0.9999992251396179,0.6392583790769216
warm_readout_counter1_lam1e-2,sine.2,0.44745445251464844,0.12282596528530121,0.1870996505022049,0.4576164484024048,0.4554792642593384,0.9999992847442627,1.0227106822396044
warm_readout_counter1_lam1e-2,sine.3,0.4576164484024048,0.12995994091033936,0.19789856672286987,0.5974177122116089,0.5970205664634705,1.0,1.305498773694144
warm_readout_counter1_lam1e-2,sine.4,0.5974177122116089,0.1681310087442398,0.21490241587162018,0.7010831832885742,0.7008739709854126,1.0,1.1735225939204266
warm_readout_counter1_lam1e-2,sine.5,0.7010831832885742,0.22127005457878113,0.2625221312046051,0.8497229814529419,0.8495886921882629,1.0,1.212014496578198
warm_readout_counter1_lam1e-2,readout,0.8497229814529419,0.9634360074996948,,0.9634360074996948,0.007582136895507574,0.9854174256324768,1.1338236443273724
warm_prereadout_counter1_lam1e-2,sine.0,0.5728219747543335,0.2336815744638443,0.280205637216568,0.6999962329864502,0.6994065046310425,1.0,1.2220135815960238
warm_prereadout_counter1_lam1e-2,sine.1,0.6999962329864502,0.12493574619293213,0.18903319537639618,0.44934070110321045,0.4484994411468506,0.9999839663505554,0.6419187417425836
warm_prereadout_counter1_lam1e-2,sine.2,0.44934070110321045,0.12252507358789444,0.18721121549606323,0.45439812541007996,0.45403385162353516,0.9999999403953552,1.0112552107887236
warm_prereadout_counter1_lam1e-2,sine.3,0.45439812541007996,0.1298181414604187,0.19655846059322357,0.5723395943641663,0.5720679759979248,0.9999994039535522,1.2595553598458353
warm_prereadout_counter1_lam1e-2,sine.4,0.5723395943641663,0.17334508895874023,0.21599410474300385,0.6878409385681152,0.6868696212768555,1.0,1.2018056156542232
warm_prereadout_counter1_lam1e-2,sine.5,0.6878409385681152,0.11011683940887451,0.18666452169418335,0.7365712523460388,0.7359791994094849,1.0,1.0708453234542363
warm_prereadout_counter1_lam1e-2,readout,0.7365712523460388,0.06368009746074677,,0.06368009746074677,0.010703887790441513,0.08441554754972458,0.08645476898252616
